Workbook

Sheet Reference
A1: Kestrel Scoring Calculator
A2: Mirrors the scoring engine in script.js / README.md — for testing the math offline, not for production use.
A5: Formula | B5: Final Score = Σ(Raw Score × Weight) / 100 — rounded to nearest integer, clamped 0–100
A7: How to use this workbook
A8: 1. | B8: Go to the Severe Weather, Heat, or Winter Weather tab.
A9: 2. | B9: Pick a condition from each dropdown in the 'Condition' column (yellow cells).
A10: 3. | B10: The Facility / Outdoor / Roads scores and stoplight bands update automatically.
A11: 4. | B11: Weights and raw-score tables match README.md — if you change WEIGHTS in script.js, update the matching cells here too.
A13: Stoplight bands
A14: 0–24 | B14: Green — Normal Operations
A15: 25–49 | B15: Yellow — Elevated Caution
A16: 50–74 | B16: Amber — High Risk
A17: 75–100 | B17: Red — Severe Risk
A19: Reminder | B19: Multi-mode assessments are never combined or averaged — each hazard mode's three scores are fully independent, exactly as in the app.

Sheet Severe Weather
A1: Kestrel — Severe Weather Scoring
A2: Formula: Final Score = Σ(Raw Score × Weight) / 100, rounded, clamped to 0–100.
A4: Input | B4: Condition (pick one) | C4: Raw Score | D4: Facility Wt % | E4: Outdoor Wt % | F4: Roads Wt % | G4: Facility Contribution | H4: Outdoor Contribution | I4: Roads Contribution
A5: Rain | B5: >1.5" | C5: =IFERROR(VLOOKUP(B5,Lists!$A$2:$B$5,2,FALSE),0) | D5: 15 | E5: 20 | F5: 20 | G5: =C5*D5 | H5: =C5*E5 | I5: =C5*F5
A6: Hail | B6: ≥1" diameter | C6: =IFERROR(VLOOKUP(B6,Lists!$D$2:$E$4,2,FALSE),0) | D6: 15 | E6: 15 | F6: 15 | G6: =C6*D6 | H6: =C6*E6 | I6: =C6*F6
A7: Lightning | B7: Yes | C7: =IFERROR(VLOOKUP(B7,Lists!$G$2:$H$3,2,FALSE),0) | D7: 5 | E7: 20 | F7: 5 | G7: =C7*D7 | H7: =C7*E7 | I7: =C7*F7
A8: Sustained Wind | B8: <20 mph | C8: =IFERROR(VLOOKUP(B8,Lists!$J$2:$K$6,2,FALSE),0) | D8: 20 | E8: 10 | F8: 5 | G8: =C8*D8 | H8: =C8*E8 | I8: =C8*F8
A9: Max Wind Gust | B9: <30 mph | C9: =IFERROR(VLOOKUP(B9,Lists!$M$2:$N$6,2,FALSE),0) | D9: 20 | E9: 10 | F9: 15 | G9: =C9*D9 | H9: =C9*E9 | I9: =C9*F9
A10: Flash Flood | C10: =IFERROR(VLOOKUP(B10,Lists!$G$2:$H$3,2,FALSE),0) | D10: 5 | E10: 5 | F10: 20 | G10: =C10*D10 | H10: =C10*E10 | I10: =C10*F10
A11: Tornado Possible | C11: =IFERROR(VLOOKUP(B11,Lists!$G$2:$H$3,2,FALSE),0) | D11: 20 | E11: 20 | F11: 20 | G11: =C11*D11 | H11: =C11*E11 | I11: =C11*F11
A12: Weight totals check | D12: =SUM(D5:D11) | E12: =SUM(E5:E11) | F12: =SUM(F5:F11)
A14: Final Scores | G14: Facility Ops | H14: Outdoor Activities | I14: Roads & Travel
G15: =MIN(100,MAX(0,ROUND(SUM(G5:G11)/100,0))) | H15: =MIN(100,MAX(0,ROUND(SUM(H5:H11)/100,0))) | I15: =MIN(100,MAX(0,ROUND(SUM(I5:I11)/100,0)))
G16: =IF(G15<25,"Green — Normal Operations",IF(G15<50,"Yellow — Elevated Caution",IF(G15<75,"Amber — High Risk","Red — Severe Risk"))) | H16: =IF(H15<25,"Green — Normal Operations",IF(H15<50,"Yellow — Elevated Caution",IF(H15<75,"Amber — High Risk","Red — Severe Risk"))) | I16: =IF(I15<25,"Green — Normal Operations",IF(I15<50,"Yellow — Elevated Caution",IF(I15<75,"Amber — High Risk","Red — Severe Risk")))

Sheet Severe Examples
A1: Kestrel — Severe Examples
A2: Pre-built scenarios scored by the same formula/weights as the interactive tab. Fill in 'Your Ranking' per category from historical judgment, then check the Match column.
A5: Scenario | B5: Rain | C5: Rain (raw) | D5: Hail | E5: Hail (raw) | F5: Lightning | G5: Lightning (raw) | H5: Sustained Wind | I5: Sustained Wind (raw) | J5: Max Wind Gust | K5: Max Wind Gust (raw) | L5: Flash Flood | M5: Flash Flood (raw) | N5: Tornado Possible | O5: Tornado Possible (raw) | P5: Facility Score | Q5: Facility Level | R5: Outdoor Score | S5: Outdoor Level | T5: Roads Score | U5: Roads Level | V5: Your: Facility | W5: Facility Match | X5: Your: Outdoor | Y5: Outdoor Match | Z5: Your: Roads | AA5: Roads Match | AB5: Notes
A6: Quiet stable day | B6: None | C6: =IFERROR(VLOOKUP(B6,Lists!$A$2:$B$5,2,FALSE),0) | D6: None | E6: =IFERROR(VLOOKUP(D6,Lists!$D$2:$E$4,2,FALSE),0) | F6: No | G6: =IFERROR(VLOOKUP(F6,Lists!$G$2:$H$3,2,FALSE),0) | H6: <20 mph | I6: =IFERROR(VLOOKUP(H6,Lists!$J$2:$K$6,2,FALSE),0) | J6: <30 mph | K6: =IFERROR(VLOOKUP(J6,Lists!$M$2:$N$6,2,FALSE),0) | L6: No | M6: =IFERROR(VLOOKUP(L6,Lists!$G$2:$H$3,2,FALSE),0) | N6: No | O6: =IFERROR(VLOOKUP(N6,Lists!$G$2:$H$3,2,FALSE),0) | P6: =MIN(100,MAX(0,ROUND((C6*15+E6*15+G6*5+I6*20+K6*20+M6*5+O6*20)/100,0))) | Q6: =IF(P6<25,"Green — Normal Operations",IF(P6<50,"Yellow — Elevated Caution",IF(P6<75,"Amber — High Risk","Red — Severe Risk"))) | R6: =MIN(100,MAX(0,ROUND((C6*20+E6*15+G6*20+I6*10+K6*10+M6*5+O6*20)/100,0))) | S6: =IF(R6<25,"Green — Normal Operations",IF(R6<50,"Yellow — Elevated Caution",IF(R6<75,"Amber — High Risk","Red — Severe Risk"))) | T6: =MIN(100,MAX(0,ROUND((C6*20+E6*15+G6*5+I6*5+K6*15+M6*20+O6*20)/100,0))) | U6: =IF(T6<25,"Green — Normal Operations",IF(T6<50,"Yellow — Elevated Caution",IF(T6<75,"Amber — High Risk","Red — Severe Risk"))) | W6: =IF(V6="","",IF(V6=LEFT(Q6,FIND(" ",Q6)-1),"Match","Differs")) | Y6: =IF(X6="","",IF(X6=LEFT(S6,FIND(" ",S6)-1),"Match","Differs")) | AA6: =IF(Z6="","",IF(Z6=LEFT(U6,FIND(" ",U6)-1),"Match","Differs"))
A7: Routine spring shower | B7: 0.01–0.75" | C7: =IFERROR(VLOOKUP(B7,Lists!$A$2:$B$5,2,FALSE),0) | D7: None | E7: =IFERROR(VLOOKUP(D7,Lists!$D$2:$E$4,2,FALSE),0) | F7: Yes | G7: =IFERROR(VLOOKUP(F7,Lists!$G$2:$H$3,2,FALSE),0) | H7: <20 mph | I7: =IFERROR(VLOOKUP(H7,Lists!$J$2:$K$6,2,FALSE),0) | J7: <30 mph | K7: =IFERROR(VLOOKUP(J7,Lists!$M$2:$N$6,2,FALSE),0) | L7: No | M7: =IFERROR(VLOOKUP(L7,Lists!$G$2:$H$3,2,FALSE),0) | N7: No | O7: =IFERROR(VLOOKUP(N7,Lists!$G$2:$H$3,2,FALSE),0) | P7: =MIN(100,MAX(0,ROUND((C7*15+E7*15+G7*5+I7*20+K7*20+M7*5+O7*20)/100,0))) | Q7: =IF(P7<25,"Green — Normal Operations",IF(P7<50,"Yellow — Elevated Caution",IF(P7<75,"Amber — High Risk","Red — Severe Risk"))) | R7: =MIN(100,MAX(0,ROUND((C7*20+E7*15+G7*20+I7*10+K7*10+M7*5+O7*20)/100,0))) | S7: =IF(R7<25,"Green — Normal Operations",IF(R7<50,"Yellow — Elevated Caution",IF(R7<75,"Amber — High Risk","Red — Severe Risk"))) | T7: =MIN(100,MAX(0,ROUND((C7*20+E7*15+G7*5+I7*5+K7*15+M7*20+O7*20)/100,0))) | U7: =IF(T7<25,"Green — Normal Operations",IF(T7<50,"Yellow — Elevated Caution",IF(T7<75,"Amber — High Risk","Red — Severe Risk"))) | W7: =IF(V7="","",IF(V7=LEFT(Q7,FIND(" ",Q7)-1),"Match","Differs")) | Y7: =IF(X7="","",IF(X7=LEFT(S7,FIND(" ",S7)-1),"Match","Differs")) | AA7: =IF(Z7="","",IF(Z7=LEFT(U7,FIND(" ",U7)-1),"Match","Differs"))
A8: Gusty storm, sub-severe | B8: 0.75–1.5" | C8: =IFERROR(VLOOKUP(B8,Lists!$A$2:$B$5,2,FALSE),0) | D8: <1" diameter | E8: =IFERROR(VLOOKUP(D8,Lists!$D$2:$E$4,2,FALSE),0) | F8: Yes | G8: =IFERROR(VLOOKUP(F8,Lists!$G$2:$H$3,2,FALSE),0) | H8: 20–30 mph | I8: =IFERROR(VLOOKUP(H8,Lists!$J$2:$K$6,2,FALSE),0) | J8: 30–40 mph | K8: =IFERROR(VLOOKUP(J8,Lists!$M$2:$N$6,2,FALSE),0) | L8: No | M8: =IFERROR(VLOOKUP(L8,Lists!$G$2:$H$3,2,FALSE),0) | N8: No | O8: =IFERROR(VLOOKUP(N8,Lists!$G$2:$H$3,2,FALSE),0) | P8: =MIN(100,MAX(0,ROUND((C8*15+E8*15+G8*5+I8*20+K8*20+M8*5+O8*20)/100,0))) | Q8: =IF(P8<25,"Green — Normal Operations",IF(P8<50,"Yellow — Elevated Caution",IF(P8<75,"Amber — High Risk","Red — Severe Risk"))) | R8: =MIN(100,MAX(0,ROUND((C8*20+E8*15+G8*20+I8*10+K8*10+M8*5+O8*20)/100,0))) | S8: =IF(R8<25,"Green — Normal Operations",IF(R8<50,"Yellow — Elevated Caution",IF(R8<75,"Amber — High Risk","Red — Severe Risk"))) | T8: =MIN(100,MAX(0,ROUND((C8*20+E8*15+G8*5+I8*5+K8*15+M8*20+O8*20)/100,0))) | U8: =IF(T8<25,"Green — Normal Operations",IF(T8<50,"Yellow — Elevated Caution",IF(T8<75,"Amber — High Risk","Red — Severe Risk"))) | W8: =IF(V8="","",IF(V8=LEFT(Q8,FIND(" ",Q8)-1),"Match","Differs")) | Y8: =IF(X8="","",IF(X8=LEFT(S8,FIND(" ",S8)-1),"Match","Differs")) | AA8: =IF(Z8="","",IF(Z8=LEFT(U8,FIND(" ",U8)-1),"Match","Differs"))
A9: Severe t-storm warning, large hail | B9: 0.75–1.5" | C9: =IFERROR(VLOOKUP(B9,Lists!$A$2:$B$5,2,FALSE),0) | D9: ≥1" diameter | E9: =IFERROR(VLOOKUP(D9,Lists!$D$2:$E$4,2,FALSE),0) | F9: Yes | G9: =IFERROR(VLOOKUP(F9,Lists!$G$2:$H$3,2,FALSE),0) | H9: 30–40 mph | I9: =IFERROR(VLOOKUP(H9,Lists!$J$2:$K$6,2,FALSE),0) | J9: 40–50 mph | K9: =IFERROR(VLOOKUP(J9,Lists!$M$2:$N$6,2,FALSE),0) | L9: No | M9: =IFERROR(VLOOKUP(L9,Lists!$G$2:$H$3,2,FALSE),0) | N9: No | O9: =IFERROR(VLOOKUP(N9,Lists!$G$2:$H$3,2,FALSE),0) | P9: =MIN(100,MAX(0,ROUND((C9*15+E9*15+G9*5+I9*20+K9*20+M9*5+O9*20)/100,0))) | Q9: =IF(P9<25,"Green — Normal Operations",IF(P9<50,"Yellow — Elevated Caution",IF(P9<75,"Amber — High Risk","Red — Severe Risk"))) | R9: =MIN(100,MAX(0,ROUND((C9*20+E9*15+G9*20+I9*10+K9*10+M9*5+O9*20)/100,0))) | S9: =IF(R9<25,"Green — Normal Operations",IF(R9<50,"Yellow — Elevated Caution",IF(R9<75,"Amber — High Risk","Red — Severe Risk"))) | T9: =MIN(100,MAX(0,ROUND((C9*20+E9*15+G9*5+I9*5+K9*15+M9*20+O9*20)/100,0))) | U9: =IF(T9<25,"Green — Normal Operations",IF(T9<50,"Yellow — Elevated Caution",IF(T9<75,"Amber — High Risk","Red — Severe Risk"))) | W9: =IF(V9="","",IF(V9=LEFT(Q9,FIND(" ",Q9)-1),"Match","Differs")) | Y9: =IF(X9="","",IF(X9=LEFT(S9,FIND(" ",S9)-1),"Match","Differs")) | AA9: =IF(Z9="","",IF(Z9=LEFT(U9,FIND(" ",U9)-1),"Match","Differs"))
A10: Flash flood advisory, heavy rain | B10: >1.5" | C10: =IFERROR(VLOOKUP(B10,Lists!$A$2:$B$5,2,FALSE),0) | D10: None | E10: =IFERROR(VLOOKUP(D10,Lists!$D$2:$E$4,2,FALSE),0) | F10: Yes | G10: =IFERROR(VLOOKUP(F10,Lists!$G$2:$H$3,2,FALSE),0) | H10: 20–30 mph | I10: =IFERROR(VLOOKUP(H10,Lists!$J$2:$K$6,2,FALSE),0) | J10: 30–40 mph | K10: =IFERROR(VLOOKUP(J10,Lists!$M$2:$N$6,2,FALSE),0) | L10: Yes | M10: =IFERROR(VLOOKUP(L10,Lists!$G$2:$H$3,2,FALSE),0) | N10: No | O10: =IFERROR(VLOOKUP(N10,Lists!$G$2:$H$3,2,FALSE),0) | P10: =MIN(100,MAX(0,ROUND((C10*15+E10*15+G10*5+I10*20+K10*20+M10*5+O10*20)/100,0))) | Q10: =IF(P10<25,"Green — Normal Operations",IF(P10<50,"Yellow — Elevated Caution",IF(P10<75,"Amber — High Risk","Red — Severe Risk"))) | R10: =MIN(100,MAX(0,ROUND((C10*20+E10*15+G10*20+I10*10+K10*10+M10*5+O10*20)/100,0))) | S10: =IF(R10<25,"Green — Normal Operations",IF(R10<50,"Yellow — Elevated Caution",IF(R10<75,"Amber — High Risk","Red — Severe Risk"))) | T10: =MIN(100,MAX(0,ROUND((C10*20+E10*15+G10*5+I10*5+K10*15+M10*20+O10*20)/100,0))) | U10: =IF(T10<25,"Green — Normal Operations",IF(T10<50,"Yellow — Elevated Caution",IF(T10<75,"Amber — High Risk","Red — Severe Risk"))) | W10: =IF(V10="","",IF(V10=LEFT(Q10,FIND(" ",Q10)-1),"Match","Differs")) | Y10: =IF(X10="","",IF(X10=LEFT(S10,FIND(" ",S10)-1),"Match","Differs")) | AA10: =IF(Z10="","",IF(Z10=LEFT(U10,FIND(" ",U10)-1),"Match","Differs"))
A11: High wind event, dry line | B11: None | C11: =IFERROR(VLOOKUP(B11,Lists!$A$2:$B$5,2,FALSE),0) | D11: None | E11: =IFERROR(VLOOKUP(D11,Lists!$D$2:$E$4,2,FALSE),0) | F11: No | G11: =IFERROR(VLOOKUP(F11,Lists!$G$2:$H$3,2,FALSE),0) | H11: 40–50 mph | I11: =IFERROR(VLOOKUP(H11,Lists!$J$2:$K$6,2,FALSE),0) | J11: 50–60 mph | K11: =IFERROR(VLOOKUP(J11,Lists!$M$2:$N$6,2,FALSE),0) | L11: No | M11: =IFERROR(VLOOKUP(L11,Lists!$G$2:$H$3,2,FALSE),0) | N11: No | O11: =IFERROR(VLOOKUP(N11,Lists!$G$2:$H$3,2,FALSE),0) | P11: =MIN(100,MAX(0,ROUND((C11*15+E11*15+G11*5+I11*20+K11*20+M11*5+O11*20)/100,0))) | Q11: =IF(P11<25,"Green — Normal Operations",IF(P11<50,"Yellow — Elevated Caution",IF(P11<75,"Amber — High Risk","Red — Severe Risk"))) | R11: =MIN(100,MAX(0,ROUND((C11*20+E11*15+G11*20+I11*10+K11*10+M11*5+O11*20)/100,0))) | S11: =IF(R11<25,"Green — Normal Operations",IF(R11<50,"Yellow — Elevated Caution",IF(R11<75,"Amber — High Risk","Red — Severe Risk"))) | T11: =MIN(100,MAX(0,ROUND((C11*20+E11*15+G11*5+I11*5+K11*15+M11*20+O11*20)/100,0))) | U11: =IF(T11<25,"Green — Normal Operations",IF(T11<50,"Yellow — Elevated Caution",IF(T11<75,"Amber — High Risk","Red — Severe Risk"))) | W11: =IF(V11="","",IF(V11=LEFT(Q11,FIND(" ",Q11)-1),"Match","Differs")) | Y11: =IF(X11="","",IF(X11=LEFT(S11,FIND(" ",S11)-1),"Match","Differs")) | AA11: =IF(Z11="","",IF(Z11=LEFT(U11,FIND(" ",U11)-1),"Match","Differs"))
A12: Tornado watch issued | B12: 0.01–0.75" | C12: =IFERROR(VLOOKUP(B12,Lists!$A$2:$B$5,2,FALSE),0) | D12: <1" diameter | E12: =IFERROR(VLOOKUP(D12,Lists!$D$2:$E$4,2,FALSE),0) | F12: Yes | G12: =IFERROR(VLOOKUP(F12,Lists!$G$2:$H$3,2,FALSE),0) | H12: 20–30 mph | I12: =IFERROR(VLOOKUP(H12,Lists!$J$2:$K$6,2,FALSE),0) | J12: 30–40 mph | K12: =IFERROR(VLOOKUP(J12,Lists!$M$2:$N$6,2,FALSE),0) | L12: No | M12: =IFERROR(VLOOKUP(L12,Lists!$G$2:$H$3,2,FALSE),0) | N12: Yes | O12: =IFERROR(VLOOKUP(N12,Lists!$G$2:$H$3,2,FALSE),0) | P12: =MIN(100,MAX(0,ROUND((C12*15+E12*15+G12*5+I12*20+K12*20+M12*5+O12*20)/100,0))) | Q12: =IF(P12<25,"Green — Normal Operations",IF(P12<50,"Yellow — Elevated Caution",IF(P12<75,"Amber — High Risk","Red — Severe Risk"))) | R12: =MIN(100,MAX(0,ROUND((C12*20+E12*15+G12*20+I12*10+K12*10+M12*5+O12*20)/100,0))) | S12: =IF(R12<25,"Green — Normal Operations",IF(R12<50,"Yellow — Elevated Caution",IF(R12<75,"Amber — High Risk","Red — Severe Risk"))) | T12: =MIN(100,MAX(0,ROUND((C12*20+E12*15+G12*5+I12*5+K12*15+M12*20+O12*20)/100,0))) | U12: =IF(T12<25,"Green — Normal Operations",IF(T12<50,"Yellow — Elevated Caution",IF(T12<75,"Amber — High Risk","Red — Severe Risk"))) | W12: =IF(V12="","",IF(V12=LEFT(Q12,FIND(" ",Q12)-1),"Match","Differs")) | Y12: =IF(X12="","",IF(X12=LEFT(S12,FIND(" ",S12)-1),"Match","Differs")) | AA12: =IF(Z12="","",IF(Z12=LEFT(U12,FIND(" ",U12)-1),"Match","Differs"))
A13: Confirmed tornado on the ground | B13: 0.75–1.5" | C13: =IFERROR(VLOOKUP(B13,Lists!$A$2:$B$5,2,FALSE),0) | D13: ≥1" diameter | E13: =IFERROR(VLOOKUP(D13,Lists!$D$2:$E$4,2,FALSE),0) | F13: Yes | G13: =IFERROR(VLOOKUP(F13,Lists!$G$2:$H$3,2,FALSE),0) | H13: >50 mph | I13: =IFERROR(VLOOKUP(H13,Lists!$J$2:$K$6,2,FALSE),0) | J13: >60 mph | K13: =IFERROR(VLOOKUP(J13,Lists!$M$2:$N$6,2,FALSE),0) | L13: No | M13: =IFERROR(VLOOKUP(L13,Lists!$G$2:$H$3,2,FALSE),0) | N13: Yes | O13: =IFERROR(VLOOKUP(N13,Lists!$G$2:$H$3,2,FALSE),0) | P13: =MIN(100,MAX(0,ROUND((C13*15+E13*15+G13*5+I13*20+K13*20+M13*5+O13*20)/100,0))) | Q13: =IF(P13<25,"Green — Normal Operations",IF(P13<50,"Yellow — Elevated Caution",IF(P13<75,"Amber — High Risk","Red — Severe Risk"))) | R13: =MIN(100,MAX(0,ROUND((C13*20+E13*15+G13*20+I13*10+K13*10+M13*5+O13*20)/100,0))) | S13: =IF(R13<25,"Green — Normal Operations",IF(R13<50,"Yellow — Elevated Caution",IF(R13<75,"Amber — High Risk","Red — Severe Risk"))) | T13: =MIN(100,MAX(0,ROUND((C13*20+E13*15+G13*5+I13*5+K13*15+M13*20+O13*20)/100,0))) | U13: =IF(T13<25,"Green — Normal Operations",IF(T13<50,"Yellow — Elevated Caution",IF(T13<75,"Amber — High Risk","Red — Severe Risk"))) | W13: =IF(V13="","",IF(V13=LEFT(Q13,FIND(" ",Q13)-1),"Match","Differs")) | Y13: =IF(X13="","",IF(X13=LEFT(S13,FIND(" ",S13)-1),"Match","Differs")) | AA13: =IF(Z13="","",IF(Z13=LEFT(U13,FIND(" ",U13)-1),"Match","Differs"))
A14: Major flash flood + damaging wind | B14: >1.5" | C14: =IFERROR(VLOOKUP(B14,Lists!$A$2:$B$5,2,FALSE),0) | D14: ≥1" diameter | E14: =IFERROR(VLOOKUP(D14,Lists!$D$2:$E$4,2,FALSE),0) | F14: Yes | G14: =IFERROR(VLOOKUP(F14,Lists!$G$2:$H$3,2,FALSE),0) | H14: 40–50 mph | I14: =IFERROR(VLOOKUP(H14,Lists!$J$2:$K$6,2,FALSE),0) | J14: 50–60 mph | K14: =IFERROR(VLOOKUP(J14,Lists!$M$2:$N$6,2,FALSE),0) | L14: Yes | M14: =IFERROR(VLOOKUP(L14,Lists!$G$2:$H$3,2,FALSE),0) | N14: No | O14: =IFERROR(VLOOKUP(N14,Lists!$G$2:$H$3,2,FALSE),0) | P14: =MIN(100,MAX(0,ROUND((C14*15+E14*15+G14*5+I14*20+K14*20+M14*5+O14*20)/100,0))) | Q14: =IF(P14<25,"Green — Normal Operations",IF(P14<50,"Yellow — Elevated Caution",IF(P14<75,"Amber — High Risk","Red — Severe Risk"))) | R14: =MIN(100,MAX(0,ROUND((C14*20+E14*15+G14*20+I14*10+K14*10+M14*5+O14*20)/100,0))) | S14: =IF(R14<25,"Green — Normal Operations",IF(R14<50,"Yellow — Elevated Caution",IF(R14<75,"Amber — High Risk","Red — Severe Risk"))) | T14: =MIN(100,MAX(0,ROUND((C14*20+E14*15+G14*5+I14*5+K14*15+M14*20+O14*20)/100,0))) | U14: =IF(T14<25,"Green — Normal Operations",IF(T14<50,"Yellow — Elevated Caution",IF(T14<75,"Amber — High Risk","Red — Severe Risk"))) | W14: =IF(V14="","",IF(V14=LEFT(Q14,FIND(" ",Q14)-1),"Match","Differs")) | Y14: =IF(X14="","",IF(X14=LEFT(S14,FIND(" ",S14)-1),"Match","Differs")) | AA14: =IF(Z14="","",IF(Z14=LEFT(U14,FIND(" ",U14)-1),"Match","Differs"))
A15: Worst case: everything maxed | B15: >1.5" | C15: =IFERROR(VLOOKUP(B15,Lists!$A$2:$B$5,2,FALSE),0) | D15: ≥1" diameter | E15: =IFERROR(VLOOKUP(D15,Lists!$D$2:$E$4,2,FALSE),0) | F15: Yes | G15: =IFERROR(VLOOKUP(F15,Lists!$G$2:$H$3,2,FALSE),0) | H15: >50 mph | I15: =IFERROR(VLOOKUP(H15,Lists!$J$2:$K$6,2,FALSE),0) | J15: >60 mph | K15: =IFERROR(VLOOKUP(J15,Lists!$M$2:$N$6,2,FALSE),0) | L15: Yes | M15: =IFERROR(VLOOKUP(L15,Lists!$G$2:$H$3,2,FALSE),0) | N15: Yes | O15: =IFERROR(VLOOKUP(N15,Lists!$G$2:$H$3,2,FALSE),0) | P15: =MIN(100,MAX(0,ROUND((C15*15+E15*15+G15*5+I15*20+K15*20+M15*5+O15*20)/100,0))) | Q15: =IF(P15<25,"Green — Normal Operations",IF(P15<50,"Yellow — Elevated Caution",IF(P15<75,"Amber — High Risk","Red — Severe Risk"))) | R15: =MIN(100,MAX(0,ROUND((C15*20+E15*15+G15*20+I15*10+K15*10+M15*5+O15*20)/100,0))) | S15: =IF(R15<25,"Green — Normal Operations",IF(R15<50,"Yellow — Elevated Caution",IF(R15<75,"Amber — High Risk","Red — Severe Risk"))) | T15: =MIN(100,MAX(0,ROUND((C15*20+E15*15+G15*5+I15*5+K15*15+M15*20+O15*20)/100,0))) | U15: =IF(T15<25,"Green — Normal Operations",IF(T15<50,"Yellow — Elevated Caution",IF(T15<75,"Amber — High Risk","Red — Severe Risk"))) | W15: =IF(V15="","",IF(V15=LEFT(Q15,FIND(" ",Q15)-1),"Match","Differs")) | Y15: =IF(X15="","",IF(X15=LEFT(S15,FIND(" ",S15)-1),"Match","Differs")) | AA15: =IF(Z15="","",IF(Z15=LEFT(U15,FIND(" ",U15)-1),"Match","Differs"))

Sheet Heat
A1: Kestrel — Heat Scoring
A2: Formula: Final Score = Σ(Raw Score × Weight) / 100, rounded, clamped to 0–100.
A4: Data source (pick one) | B4: Heat Index
A5: WBGT and Heat Index are mutually exclusive — only the selected source feeds the score, matching the app's radio toggle.
A7: Input | B7: Condition (pick one) | C7: Raw Score | D7: Facility Wt % | E7: Outdoor Wt % | F7: Roads Wt % | G7: Facility Contribution | H7: Outdoor Contribution | I7: Roads Contribution
A8: WBGT reading | C8: =IFERROR(VLOOKUP(B8,Lists!$P$2:$Q$5,2,FALSE),0)
A9: Heat Index reading | C9: =IFERROR(VLOOKUP(B9,Lists!$S$2:$T$5,2,FALSE),0)
A10: Heat Stress (used in scoring) | C10: =IF(B4="WBGT",C8,IF(B4="Heat Index",C9,0)) | D10: 80 | E10: 80 | F10: 10 | G10: =C10*D10 | H10: =C10*E10 | I10: =C10*F10
A11: Sustained Wind | C11: =IFERROR(VLOOKUP(B11,Lists!$V$2:$W$5,2,FALSE),0) | D11: 20 | E11: 20 | F11: 10 | G11: =C11*D11 | H11: =C11*E11 | I11: =C11*F11
A13: Final Scores | G13: Facility Ops | H13: Outdoor Activities | I13: Roads & Travel
G14: =MIN(100,MAX(0,ROUND((G10+G11)/100,0))) | H14: =MIN(100,MAX(0,ROUND((H10+H11)/100,0))) | I14: =MIN(100,MAX(0,ROUND((I10+I11)/100,0)))
G15: =IF(G14<25,"Green — Normal Operations",IF(G14<50,"Yellow — Elevated Caution",IF(G14<75,"Amber — High Risk","Red — Severe Risk"))) | H15: =IF(H14<25,"Green — Normal Operations",IF(H14<50,"Yellow — Elevated Caution",IF(H14<75,"Amber — High Risk","Red — Severe Risk"))) | I15: =IF(I14<25,"Green — Normal Operations",IF(I14<50,"Yellow — Elevated Caution",IF(I14<75,"Amber — High Risk","Red — Severe Risk")))

Sheet Heat Examples
A1: Kestrel — Heat Examples
A2: Pre-built scenarios scored by the same formula/weights as the interactive tab. Fill in 'Your Ranking' per category from historical judgment, then check the Match column.
A3: WBGT and Heat Index are mutually exclusive per scenario, exactly like the app's radio toggle.
A5: Scenario | B5: Data Source | C5: WBGT reading | D5: WBGT (raw) | E5: Heat Index reading | F5: HI (raw) | G5: Heat Stress (raw, used) | H5: Sustained Wind | I5: Wind (raw) | J5: Facility Score | K5: Facility Level | L5: Outdoor Score | M5: Outdoor Level | N5: Roads Score | O5: Roads Level | P5: Your: Facility | Q5: Facility Match | R5: Your: Outdoor | S5: Outdoor Match | T5: Your: Roads | U5: Roads Match | V5: Notes
A6: Mild summer day | B6: Heat Index | D6: =IFERROR(VLOOKUP(C6,Lists!$P$2:$Q$5,2,FALSE),0) | E6: <90°F | F6: =IFERROR(VLOOKUP(E6,Lists!$S$2:$T$5,2,FALSE),0) | G6: =IF(B6="WBGT",D6,IF(B6="Heat Index",F6,0)) | H6: <20 mph | I6: =IFERROR(VLOOKUP(H6,Lists!$V$2:$W$5,2,FALSE),0) | J6: =MIN(100,MAX(0,ROUND((G6*80+I6*20)/100,0))) | K6: =IF(J6<25,"Green — Normal Operations",IF(J6<50,"Yellow — Elevated Caution",IF(J6<75,"Amber — High Risk","Red — Severe Risk"))) | L6: =MIN(100,MAX(0,ROUND((G6*80+I6*20)/100,0))) | M6: =IF(L6<25,"Green — Normal Operations",IF(L6<50,"Yellow — Elevated Caution",IF(L6<75,"Amber — High Risk","Red — Severe Risk"))) | N6: =MIN(100,MAX(0,ROUND((G6*10+I6*10)/100,0))) | O6: =IF(N6<25,"Green — Normal Operations",IF(N6<50,"Yellow — Elevated Caution",IF(N6<75,"Amber — High Risk","Red — Severe Risk"))) | Q6: =IF(P6="","",IF(P6=LEFT(K6,FIND(" ",K6)-1),"Match","Differs")) | S6: =IF(R6="","",IF(R6=LEFT(M6,FIND(" ",M6)-1),"Match","Differs")) | U6: =IF(T6="","",IF(T6=LEFT(O6,FIND(" ",O6)-1),"Match","Differs"))
A7: Warm, breezy afternoon | B7: Heat Index | D7: =IFERROR(VLOOKUP(C7,Lists!$P$2:$Q$5,2,FALSE),0) | E7: <90°F | F7: =IFERROR(VLOOKUP(E7,Lists!$S$2:$T$5,2,FALSE),0) | G7: =IF(B7="WBGT",D7,IF(B7="Heat Index",F7,0)) | H7: 20–30 mph | I7: =IFERROR(VLOOKUP(H7,Lists!$V$2:$W$5,2,FALSE),0) | J7: =MIN(100,MAX(0,ROUND((G7*80+I7*20)/100,0))) | K7: =IF(J7<25,"Green — Normal Operations",IF(J7<50,"Yellow — Elevated Caution",IF(J7<75,"Amber — High Risk","Red — Severe Risk"))) | L7: =MIN(100,MAX(0,ROUND((G7*80+I7*20)/100,0))) | M7: =IF(L7<25,"Green — Normal Operations",IF(L7<50,"Yellow — Elevated Caution",IF(L7<75,"Amber — High Risk","Red — Severe Risk"))) | N7: =MIN(100,MAX(0,ROUND((G7*10+I7*10)/100,0))) | O7: =IF(N7<25,"Green — Normal Operations",IF(N7<50,"Yellow — Elevated Caution",IF(N7<75,"Amber — High Risk","Red — Severe Risk"))) | Q7: =IF(P7="","",IF(P7=LEFT(K7,FIND(" ",K7)-1),"Match","Differs")) | S7: =IF(R7="","",IF(R7=LEFT(M7,FIND(" ",M7)-1),"Match","Differs")) | U7: =IF(T7="","",IF(T7=LEFT(O7,FIND(" ",O7)-1),"Match","Differs"))
A8: Heat advisory (HI 90-100°F) | B8: Heat Index | D8: =IFERROR(VLOOKUP(C8,Lists!$P$2:$Q$5,2,FALSE),0) | E8: 90–100°F | F8: =IFERROR(VLOOKUP(E8,Lists!$S$2:$T$5,2,FALSE),0) | G8: =IF(B8="WBGT",D8,IF(B8="Heat Index",F8,0)) | H8: <20 mph | I8: =IFERROR(VLOOKUP(H8,Lists!$V$2:$W$5,2,FALSE),0) | J8: =MIN(100,MAX(0,ROUND((G8*80+I8*20)/100,0))) | K8: =IF(J8<25,"Green — Normal Operations",IF(J8<50,"Yellow — Elevated Caution",IF(J8<75,"Amber — High Risk","Red — Severe Risk"))) | L8: =MIN(100,MAX(0,ROUND((G8*80+I8*20)/100,0))) | M8: =IF(L8<25,"Green — Normal Operations",IF(L8<50,"Yellow — Elevated Caution",IF(L8<75,"Amber — High Risk","Red — Severe Risk"))) | N8: =MIN(100,MAX(0,ROUND((G8*10+I8*10)/100,0))) | O8: =IF(N8<25,"Green — Normal Operations",IF(N8<50,"Yellow — Elevated Caution",IF(N8<75,"Amber — High Risk","Red — Severe Risk"))) | Q8: =IF(P8="","",IF(P8=LEFT(K8,FIND(" ",K8)-1),"Match","Differs")) | S8: =IF(R8="","",IF(R8=LEFT(M8,FIND(" ",M8)-1),"Match","Differs")) | U8: =IF(T8="","",IF(T8=LEFT(O8,FIND(" ",O8)-1),"Match","Differs"))
A9: Excessive heat watch (HI 100-108°F) | B9: Heat Index | D9: =IFERROR(VLOOKUP(C9,Lists!$P$2:$Q$5,2,FALSE),0) | E9: 100–108°F | F9: =IFERROR(VLOOKUP(E9,Lists!$S$2:$T$5,2,FALSE),0) | G9: =IF(B9="WBGT",D9,IF(B9="Heat Index",F9,0)) | H9: 20–30 mph | I9: =IFERROR(VLOOKUP(H9,Lists!$V$2:$W$5,2,FALSE),0) | J9: =MIN(100,MAX(0,ROUND((G9*80+I9*20)/100,0))) | K9: =IF(J9<25,"Green — Normal Operations",IF(J9<50,"Yellow — Elevated Caution",IF(J9<75,"Amber — High Risk","Red — Severe Risk"))) | L9: =MIN(100,MAX(0,ROUND((G9*80+I9*20)/100,0))) | M9: =IF(L9<25,"Green — Normal Operations",IF(L9<50,"Yellow — Elevated Caution",IF(L9<75,"Amber — High Risk","Red — Severe Risk"))) | N9: =MIN(100,MAX(0,ROUND((G9*10+I9*10)/100,0))) | O9: =IF(N9<25,"Green — Normal Operations",IF(N9<50,"Yellow — Elevated Caution",IF(N9<75,"Amber — High Risk","Red — Severe Risk"))) | Q9: =IF(P9="","",IF(P9=LEFT(K9,FIND(" ",K9)-1),"Match","Differs")) | S9: =IF(R9="","",IF(R9=LEFT(M9,FIND(" ",M9)-1),"Match","Differs")) | U9: =IF(T9="","",IF(T9=LEFT(O9,FIND(" ",O9)-1),"Match","Differs"))
A10: Excessive heat warning (HI >108°F) | B10: Heat Index | D10: =IFERROR(VLOOKUP(C10,Lists!$P$2:$Q$5,2,FALSE),0) | E10: >108°F | F10: =IFERROR(VLOOKUP(E10,Lists!$S$2:$T$5,2,FALSE),0) | G10: =IF(B10="WBGT",D10,IF(B10="Heat Index",F10,0)) | H10: <20 mph | I10: =IFERROR(VLOOKUP(H10,Lists!$V$2:$W$5,2,FALSE),0) | J10: =MIN(100,MAX(0,ROUND((G10*80+I10*20)/100,0))) | K10: =IF(J10<25,"Green — Normal Operations",IF(J10<50,"Yellow — Elevated Caution",IF(J10<75,"Amber — High Risk","Red — Severe Risk"))) | L10: =MIN(100,MAX(0,ROUND((G10*80+I10*20)/100,0))) | M10: =IF(L10<25,"Green — Normal Operations",IF(L10<50,"Yellow — Elevated Caution",IF(L10<75,"Amber — High Risk","Red — Severe Risk"))) | N10: =MIN(100,MAX(0,ROUND((G10*10+I10*10)/100,0))) | O10: =IF(N10<25,"Green — Normal Operations",IF(N10<50,"Yellow — Elevated Caution",IF(N10<75,"Amber — High Risk","Red — Severe Risk"))) | Q10: =IF(P10="","",IF(P10=LEFT(K10,FIND(" ",K10)-1),"Match","Differs")) | S10: =IF(R10="","",IF(R10=LEFT(M10,FIND(" ",M10)-1),"Match","Differs")) | U10: =IF(T10="","",IF(T10=LEFT(O10,FIND(" ",O10)-1),"Match","Differs"))
A11: WBGT black flag, breezy | B11: WBGT | C11: ≥90.0°F | D11: =IFERROR(VLOOKUP(C11,Lists!$P$2:$Q$5,2,FALSE),0) | F11: =IFERROR(VLOOKUP(E11,Lists!$S$2:$T$5,2,FALSE),0) | G11: =IF(B11="WBGT",D11,IF(B11="Heat Index",F11,0)) | H11: 20–30 mph | I11: =IFERROR(VLOOKUP(H11,Lists!$V$2:$W$5,2,FALSE),0) | J11: =MIN(100,MAX(0,ROUND((G11*80+I11*20)/100,0))) | K11: =IF(J11<25,"Green — Normal Operations",IF(J11<50,"Yellow — Elevated Caution",IF(J11<75,"Amber — High Risk","Red — Severe Risk"))) | L11: =MIN(100,MAX(0,ROUND((G11*80+I11*20)/100,0))) | M11: =IF(L11<25,"Green — Normal Operations",IF(L11<50,"Yellow — Elevated Caution",IF(L11<75,"Amber — High Risk","Red — Severe Risk"))) | N11: =MIN(100,MAX(0,ROUND((G11*10+I11*10)/100,0))) | O11: =IF(N11<25,"Green — Normal Operations",IF(N11<50,"Yellow — Elevated Caution",IF(N11<75,"Amber — High Risk","Red — Severe Risk"))) | Q11: =IF(P11="","",IF(P11=LEFT(K11,FIND(" ",K11)-1),"Match","Differs")) | S11: =IF(R11="","",IF(R11=LEFT(M11,FIND(" ",M11)-1),"Match","Differs")) | U11: =IF(T11="","",IF(T11=LEFT(O11,FIND(" ",O11)-1),"Match","Differs"))
A12: WBGT green-yellow flag range | B12: WBGT | C12: 82.0–86.9°F | D12: =IFERROR(VLOOKUP(C12,Lists!$P$2:$Q$5,2,FALSE),0) | F12: =IFERROR(VLOOKUP(E12,Lists!$S$2:$T$5,2,FALSE),0) | G12: =IF(B12="WBGT",D12,IF(B12="Heat Index",F12,0)) | H12: <20 mph | I12: =IFERROR(VLOOKUP(H12,Lists!$V$2:$W$5,2,FALSE),0) | J12: =MIN(100,MAX(0,ROUND((G12*80+I12*20)/100,0))) | K12: =IF(J12<25,"Green — Normal Operations",IF(J12<50,"Yellow — Elevated Caution",IF(J12<75,"Amber — High Risk","Red — Severe Risk"))) | L12: =MIN(100,MAX(0,ROUND((G12*80+I12*20)/100,0))) | M12: =IF(L12<25,"Green — Normal Operations",IF(L12<50,"Yellow — Elevated Caution",IF(L12<75,"Amber — High Risk","Red — Severe Risk"))) | N12: =MIN(100,MAX(0,ROUND((G12*10+I12*10)/100,0))) | O12: =IF(N12<25,"Green — Normal Operations",IF(N12<50,"Yellow — Elevated Caution",IF(N12<75,"Amber — High Risk","Red — Severe Risk"))) | Q12: =IF(P12="","",IF(P12=LEFT(K12,FIND(" ",K12)-1),"Match","Differs")) | S12: =IF(R12="","",IF(R12=LEFT(M12,FIND(" ",M12)-1),"Match","Differs")) | U12: =IF(T12="","",IF(T12=LEFT(O12,FIND(" ",O12)-1),"Match","Differs"))
A13: WBGT high, gusty | B13: WBGT | C13: 87.0–89.9°F | D13: =IFERROR(VLOOKUP(C13,Lists!$P$2:$Q$5,2,FALSE),0) | F13: =IFERROR(VLOOKUP(E13,Lists!$S$2:$T$5,2,FALSE),0) | G13: =IF(B13="WBGT",D13,IF(B13="Heat Index",F13,0)) | H13: 30–40 mph | I13: =IFERROR(VLOOKUP(H13,Lists!$V$2:$W$5,2,FALSE),0) | J13: =MIN(100,MAX(0,ROUND((G13*80+I13*20)/100,0))) | K13: =IF(J13<25,"Green — Normal Operations",IF(J13<50,"Yellow — Elevated Caution",IF(J13<75,"Amber — High Risk","Red — Severe Risk"))) | L13: =MIN(100,MAX(0,ROUND((G13*80+I13*20)/100,0))) | M13: =IF(L13<25,"Green — Normal Operations",IF(L13<50,"Yellow — Elevated Caution",IF(L13<75,"Amber — High Risk","Red — Severe Risk"))) | N13: =MIN(100,MAX(0,ROUND((G13*10+I13*10)/100,0))) | O13: =IF(N13<25,"Green — Normal Operations",IF(N13<50,"Yellow — Elevated Caution",IF(N13<75,"Amber — High Risk","Red — Severe Risk"))) | Q13: =IF(P13="","",IF(P13=LEFT(K13,FIND(" ",K13)-1),"Match","Differs")) | S13: =IF(R13="","",IF(R13=LEFT(M13,FIND(" ",M13)-1),"Match","Differs")) | U13: =IF(T13="","",IF(T13=LEFT(O13,FIND(" ",O13)-1),"Match","Differs"))
A14: Mild heat, strong sustained wind | B14: Heat Index | D14: =IFERROR(VLOOKUP(C14,Lists!$P$2:$Q$5,2,FALSE),0) | E14: <90°F | F14: =IFERROR(VLOOKUP(E14,Lists!$S$2:$T$5,2,FALSE),0) | G14: =IF(B14="WBGT",D14,IF(B14="Heat Index",F14,0)) | H14: >40 mph | I14: =IFERROR(VLOOKUP(H14,Lists!$V$2:$W$5,2,FALSE),0) | J14: =MIN(100,MAX(0,ROUND((G14*80+I14*20)/100,0))) | K14: =IF(J14<25,"Green — Normal Operations",IF(J14<50,"Yellow — Elevated Caution",IF(J14<75,"Amber — High Risk","Red — Severe Risk"))) | L14: =MIN(100,MAX(0,ROUND((G14*80+I14*20)/100,0))) | M14: =IF(L14<25,"Green — Normal Operations",IF(L14<50,"Yellow — Elevated Caution",IF(L14<75,"Amber — High Risk","Red — Severe Risk"))) | N14: =MIN(100,MAX(0,ROUND((G14*10+I14*10)/100,0))) | O14: =IF(N14<25,"Green — Normal Operations",IF(N14<50,"Yellow — Elevated Caution",IF(N14<75,"Amber — High Risk","Red — Severe Risk"))) | Q14: =IF(P14="","",IF(P14=LEFT(K14,FIND(" ",K14)-1),"Match","Differs")) | S14: =IF(R14="","",IF(R14=LEFT(M14,FIND(" ",M14)-1),"Match","Differs")) | U14: =IF(T14="","",IF(T14=LEFT(O14,FIND(" ",O14)-1),"Match","Differs"))
A15: Extreme heat + strong wind (roads ceiling) | B15: Heat Index | D15: =IFERROR(VLOOKUP(C15,Lists!$P$2:$Q$5,2,FALSE),0) | E15: >108°F | F15: =IFERROR(VLOOKUP(E15,Lists!$S$2:$T$5,2,FALSE),0) | G15: =IF(B15="WBGT",D15,IF(B15="Heat Index",F15,0)) | H15: >40 mph | I15: =IFERROR(VLOOKUP(H15,Lists!$V$2:$W$5,2,FALSE),0) | J15: =MIN(100,MAX(0,ROUND((G15*80+I15*20)/100,0))) | K15: =IF(J15<25,"Green — Normal Operations",IF(J15<50,"Yellow — Elevated Caution",IF(J15<75,"Amber — High Risk","Red — Severe Risk"))) | L15: =MIN(100,MAX(0,ROUND((G15*80+I15*20)/100,0))) | M15: =IF(L15<25,"Green — Normal Operations",IF(L15<50,"Yellow — Elevated Caution",IF(L15<75,"Amber — High Risk","Red — Severe Risk"))) | N15: =MIN(100,MAX(0,ROUND((G15*10+I15*10)/100,0))) | O15: =IF(N15<25,"Green — Normal Operations",IF(N15<50,"Yellow — Elevated Caution",IF(N15<75,"Amber — High Risk","Red — Severe Risk"))) | Q15: =IF(P15="","",IF(P15=LEFT(K15,FIND(" ",K15)-1),"Match","Differs")) | S15: =IF(R15="","",IF(R15=LEFT(M15,FIND(" ",M15)-1),"Match","Differs")) | U15: =IF(T15="","",IF(T15=LEFT(O15,FIND(" ",O15)-1),"Match","Differs"))

Sheet Winter Weather
A1: Kestrel — Winter Weather Scoring
A2: Formula: Final Score = Σ(Raw Score × Weight) / 100, rounded, clamped to 0–100.
A4: Input | B4: Condition (pick one) | C4: Raw Score | D4: Facility Wt % | E4: Outdoor Wt % | F4: Roads Wt % | G4: Facility Contribution | H4: Outdoor Contribution | I4: Roads Contribution
A5: Ice Accumulation | C5: =IFERROR(VLOOKUP(B5,Lists!$AB$2:$AC$5,2,FALSE),0) | D5: 50 | E5: 20 | F5: 40 | G5: =C5*D5 | H5: =C5*E5 | I5: =C5*F5
A6: Snow Accumulation | C6: =IFERROR(VLOOKUP(B6,Lists!$AE$2:$AF$5,2,FALSE),0) | D6: 20 | E6: 20 | F6: 20 | G6: =C6*D6 | H6: =C6*E6 | I6: =C6*F6
A7: Wind Chill | C7: =IFERROR(VLOOKUP(B7,Lists!$AH$2:$AI$6,2,FALSE),0) | D7: 10 | E7: 30 | F7: 5 | G7: =C7*D7 | H7: =C7*E7 | I7: =C7*F7
A8: Max Wind Gust | C8: =IFERROR(VLOOKUP(B8,Lists!$M$2:$N$6,2,FALSE),0) | D8: 5 | E8: 20 | F8: 15 | G8: =C8*D8 | H8: =C8*E8 | I8: =C8*F8
A9: Freeze-Thaw Cycle | C9: =IFERROR(VLOOKUP(B9,Lists!$G$2:$H$3,2,FALSE),0) | D9: 15 | E9: 10 | F9: 20 | G9: =C9*D9 | H9: =C9*E9 | I9: =C9*F9
A10: Weight totals check | D10: =SUM(D5:D9) | E10: =SUM(E5:E9) | F10: =SUM(F5:F9)
A12: Final Scores | G12: Facility Ops | H12: Outdoor Activities | I12: Roads & Travel
G13: =MIN(100,MAX(0,ROUND(SUM(G5:G9)/100,0))) | H13: =MIN(100,MAX(0,ROUND(SUM(H5:H9)/100,0))) | I13: =MIN(100,MAX(0,ROUND(SUM(I5:I9)/100,0)))
G14: =IF(G13<25,"Green — Normal Operations",IF(G13<50,"Yellow — Elevated Caution",IF(G13<75,"Amber — High Risk","Red — Severe Risk"))) | H14: =IF(H13<25,"Green — Normal Operations",IF(H13<50,"Yellow — Elevated Caution",IF(H13<75,"Amber — High Risk","Red — Severe Risk"))) | I14: =IF(I13<25,"Green — Normal Operations",IF(I13<50,"Yellow — Elevated Caution",IF(I13<75,"Amber — High Risk","Red — Severe Risk")))

Sheet Winter Examples
A1: Kestrel — Winter Examples
A2: Pre-built scenarios scored by the same formula/weights as the interactive tab. Fill in 'Your Ranking' per category from historical judgment, then check the Match column.
A5: Scenario | B5: Ice Accumulation | C5: Ice Accumulation (raw) | D5: Snow Accumulation | E5: Snow Accumulation (raw) | F5: Wind Chill | G5: Wind Chill (raw) | H5: Max Wind Gust | I5: Max Wind Gust (raw) | J5: Freeze-Thaw Cycle | K5: Freeze-Thaw Cycle (raw) | L5: Facility Score | M5: Facility Level | N5: Outdoor Score | O5: Outdoor Level | P5: Roads Score | Q5: Roads Level | R5: Your: Facility | S5: Facility Match | T5: Your: Outdoor | U5: Outdoor Match | V5: Your: Roads | W5: Roads Match | X5: Notes
A6: Clear and cold, no precip | B6: None | C6: =IFERROR(VLOOKUP(B6,Lists!$AB$2:$AC$5,2,FALSE),0) | D6: None | E6: =IFERROR(VLOOKUP(D6,Lists!$AE$2:$AF$5,2,FALSE),0) | F6: >32°F | G6: =IFERROR(VLOOKUP(F6,Lists!$AH$2:$AI$6,2,FALSE),0) | H6: <30 mph | I6: =IFERROR(VLOOKUP(H6,Lists!$M$2:$N$6,2,FALSE),0) | J6: No | K6: =IFERROR(VLOOKUP(J6,Lists!$G$2:$H$3,2,FALSE),0) | L6: =MIN(100,MAX(0,ROUND((C6*50+E6*20+G6*10+I6*5+K6*15)/100,0))) | M6: =IF(L6<25,"Green — Normal Operations",IF(L6<50,"Yellow — Elevated Caution",IF(L6<75,"Amber — High Risk","Red — Severe Risk"))) | N6: =MIN(100,MAX(0,ROUND((C6*20+E6*20+G6*30+I6*20+K6*10)/100,0))) | O6: =IF(N6<25,"Green — Normal Operations",IF(N6<50,"Yellow — Elevated Caution",IF(N6<75,"Amber — High Risk","Red — Severe Risk"))) | P6: =MIN(100,MAX(0,ROUND((C6*40+E6*20+G6*5+I6*15+K6*20)/100,0))) | Q6: =IF(P6<25,"Green — Normal Operations",IF(P6<50,"Yellow — Elevated Caution",IF(P6<75,"Amber — High Risk","Red — Severe Risk"))) | S6: =IF(R6="","",IF(R6=LEFT(M6,FIND(" ",M6)-1),"Match","Differs")) | U6: =IF(T6="","",IF(T6=LEFT(O6,FIND(" ",O6)-1),"Match","Differs")) | W6: =IF(V6="","",IF(V6=LEFT(Q6,FIND(" ",Q6)-1),"Match","Differs"))
A7: Light flurries, no accumulation | B7: None | C7: =IFERROR(VLOOKUP(B7,Lists!$AB$2:$AC$5,2,FALSE),0) | D7: 1–3" | E7: =IFERROR(VLOOKUP(D7,Lists!$AE$2:$AF$5,2,FALSE),0) | F7: 20–32°F | G7: =IFERROR(VLOOKUP(F7,Lists!$AH$2:$AI$6,2,FALSE),0) | H7: <30 mph | I7: =IFERROR(VLOOKUP(H7,Lists!$M$2:$N$6,2,FALSE),0) | J7: No | K7: =IFERROR(VLOOKUP(J7,Lists!$G$2:$H$3,2,FALSE),0) | L7: =MIN(100,MAX(0,ROUND((C7*50+E7*20+G7*10+I7*5+K7*15)/100,0))) | M7: =IF(L7<25,"Green — Normal Operations",IF(L7<50,"Yellow — Elevated Caution",IF(L7<75,"Amber — High Risk","Red — Severe Risk"))) | N7: =MIN(100,MAX(0,ROUND((C7*20+E7*20+G7*30+I7*20+K7*10)/100,0))) | O7: =IF(N7<25,"Green — Normal Operations",IF(N7<50,"Yellow — Elevated Caution",IF(N7<75,"Amber — High Risk","Red — Severe Risk"))) | P7: =MIN(100,MAX(0,ROUND((C7*40+E7*20+G7*5+I7*15+K7*20)/100,0))) | Q7: =IF(P7<25,"Green — Normal Operations",IF(P7<50,"Yellow — Elevated Caution",IF(P7<75,"Amber — High Risk","Red — Severe Risk"))) | S7: =IF(R7="","",IF(R7=LEFT(M7,FIND(" ",M7)-1),"Match","Differs")) | U7: =IF(T7="","",IF(T7=LEFT(O7,FIND(" ",O7)-1),"Match","Differs")) | W7: =IF(V7="","",IF(V7=LEFT(Q7,FIND(" ",Q7)-1),"Match","Differs"))
A8: Moderate snow event | B8: None | C8: =IFERROR(VLOOKUP(B8,Lists!$AB$2:$AC$5,2,FALSE),0) | D8: 3–6" | E8: =IFERROR(VLOOKUP(D8,Lists!$AE$2:$AF$5,2,FALSE),0) | F8: 10–20°F | G8: =IFERROR(VLOOKUP(F8,Lists!$AH$2:$AI$6,2,FALSE),0) | H8: 30–40 mph | I8: =IFERROR(VLOOKUP(H8,Lists!$M$2:$N$6,2,FALSE),0) | J8: No | K8: =IFERROR(VLOOKUP(J8,Lists!$G$2:$H$3,2,FALSE),0) | L8: =MIN(100,MAX(0,ROUND((C8*50+E8*20+G8*10+I8*5+K8*15)/100,0))) | M8: =IF(L8<25,"Green — Normal Operations",IF(L8<50,"Yellow — Elevated Caution",IF(L8<75,"Amber — High Risk","Red — Severe Risk"))) | N8: =MIN(100,MAX(0,ROUND((C8*20+E8*20+G8*30+I8*20+K8*10)/100,0))) | O8: =IF(N8<25,"Green — Normal Operations",IF(N8<50,"Yellow — Elevated Caution",IF(N8<75,"Amber — High Risk","Red — Severe Risk"))) | P8: =MIN(100,MAX(0,ROUND((C8*40+E8*20+G8*5+I8*15+K8*20)/100,0))) | Q8: =IF(P8<25,"Green — Normal Operations",IF(P8<50,"Yellow — Elevated Caution",IF(P8<75,"Amber — High Risk","Red — Severe Risk"))) | S8: =IF(R8="","",IF(R8=LEFT(M8,FIND(" ",M8)-1),"Match","Differs")) | U8: =IF(T8="","",IF(T8=LEFT(O8,FIND(" ",O8)-1),"Match","Differs")) | W8: =IF(V8="","",IF(V8=LEFT(Q8,FIND(" ",Q8)-1),"Match","Differs"))
A9: Glaze ice, light accumulation | B9: Trace–0.10" | C9: =IFERROR(VLOOKUP(B9,Lists!$AB$2:$AC$5,2,FALSE),0) | D9: None | E9: =IFERROR(VLOOKUP(D9,Lists!$AE$2:$AF$5,2,FALSE),0) | F9: >32°F | G9: =IFERROR(VLOOKUP(F9,Lists!$AH$2:$AI$6,2,FALSE),0) | H9: <30 mph | I9: =IFERROR(VLOOKUP(H9,Lists!$M$2:$N$6,2,FALSE),0) | J9: Yes | K9: =IFERROR(VLOOKUP(J9,Lists!$G$2:$H$3,2,FALSE),0) | L9: =MIN(100,MAX(0,ROUND((C9*50+E9*20+G9*10+I9*5+K9*15)/100,0))) | M9: =IF(L9<25,"Green — Normal Operations",IF(L9<50,"Yellow — Elevated Caution",IF(L9<75,"Amber — High Risk","Red — Severe Risk"))) | N9: =MIN(100,MAX(0,ROUND((C9*20+E9*20+G9*30+I9*20+K9*10)/100,0))) | O9: =IF(N9<25,"Green — Normal Operations",IF(N9<50,"Yellow — Elevated Caution",IF(N9<75,"Amber — High Risk","Red — Severe Risk"))) | P9: =MIN(100,MAX(0,ROUND((C9*40+E9*20+G9*5+I9*15+K9*20)/100,0))) | Q9: =IF(P9<25,"Green — Normal Operations",IF(P9<50,"Yellow — Elevated Caution",IF(P9<75,"Amber — High Risk","Red — Severe Risk"))) | S9: =IF(R9="","",IF(R9=LEFT(M9,FIND(" ",M9)-1),"Match","Differs")) | U9: =IF(T9="","",IF(T9=LEFT(O9,FIND(" ",O9)-1),"Match","Differs")) | W9: =IF(V9="","",IF(V9=LEFT(Q9,FIND(" ",Q9)-1),"Match","Differs"))
A10: Significant ice storm | B10: 0.10–0.25" | C10: =IFERROR(VLOOKUP(B10,Lists!$AB$2:$AC$5,2,FALSE),0) | D10: 1–3" | E10: =IFERROR(VLOOKUP(D10,Lists!$AE$2:$AF$5,2,FALSE),0) | F10: 10–20°F | G10: =IFERROR(VLOOKUP(F10,Lists!$AH$2:$AI$6,2,FALSE),0) | H10: 30–40 mph | I10: =IFERROR(VLOOKUP(H10,Lists!$M$2:$N$6,2,FALSE),0) | J10: Yes | K10: =IFERROR(VLOOKUP(J10,Lists!$G$2:$H$3,2,FALSE),0) | L10: =MIN(100,MAX(0,ROUND((C10*50+E10*20+G10*10+I10*5+K10*15)/100,0))) | M10: =IF(L10<25,"Green — Normal Operations",IF(L10<50,"Yellow — Elevated Caution",IF(L10<75,"Amber — High Risk","Red — Severe Risk"))) | N10: =MIN(100,MAX(0,ROUND((C10*20+E10*20+G10*30+I10*20+K10*10)/100,0))) | O10: =IF(N10<25,"Green — Normal Operations",IF(N10<50,"Yellow — Elevated Caution",IF(N10<75,"Amber — High Risk","Red — Severe Risk"))) | P10: =MIN(100,MAX(0,ROUND((C10*40+E10*20+G10*5+I10*15+K10*20)/100,0))) | Q10: =IF(P10<25,"Green — Normal Operations",IF(P10<50,"Yellow — Elevated Caution",IF(P10<75,"Amber — High Risk","Red — Severe Risk"))) | S10: =IF(R10="","",IF(R10=LEFT(M10,FIND(" ",M10)-1),"Match","Differs")) | U10: =IF(T10="","",IF(T10=LEFT(O10,FIND(" ",O10)-1),"Match","Differs")) | W10: =IF(V10="","",IF(V10=LEFT(Q10,FIND(" ",Q10)-1),"Match","Differs"))
A11: Major ice storm, heavy accumulation | B11: >0.25" | C11: =IFERROR(VLOOKUP(B11,Lists!$AB$2:$AC$5,2,FALSE),0) | D11: 3–6" | E11: =IFERROR(VLOOKUP(D11,Lists!$AE$2:$AF$5,2,FALSE),0) | F11: 0–10°F | G11: =IFERROR(VLOOKUP(F11,Lists!$AH$2:$AI$6,2,FALSE),0) | H11: 40–50 mph | I11: =IFERROR(VLOOKUP(H11,Lists!$M$2:$N$6,2,FALSE),0) | J11: Yes | K11: =IFERROR(VLOOKUP(J11,Lists!$G$2:$H$3,2,FALSE),0) | L11: =MIN(100,MAX(0,ROUND((C11*50+E11*20+G11*10+I11*5+K11*15)/100,0))) | M11: =IF(L11<25,"Green — Normal Operations",IF(L11<50,"Yellow — Elevated Caution",IF(L11<75,"Amber — High Risk","Red — Severe Risk"))) | N11: =MIN(100,MAX(0,ROUND((C11*20+E11*20+G11*30+I11*20+K11*10)/100,0))) | O11: =IF(N11<25,"Green — Normal Operations",IF(N11<50,"Yellow — Elevated Caution",IF(N11<75,"Amber — High Risk","Red — Severe Risk"))) | P11: =MIN(100,MAX(0,ROUND((C11*40+E11*20+G11*5+I11*15+K11*20)/100,0))) | Q11: =IF(P11<25,"Green — Normal Operations",IF(P11<50,"Yellow — Elevated Caution",IF(P11<75,"Amber — High Risk","Red — Severe Risk"))) | S11: =IF(R11="","",IF(R11=LEFT(M11,FIND(" ",M11)-1),"Match","Differs")) | U11: =IF(T11="","",IF(T11=LEFT(O11,FIND(" ",O11)-1),"Match","Differs")) | W11: =IF(V11="","",IF(V11=LEFT(Q11,FIND(" ",Q11)-1),"Match","Differs"))
A12: Heavy snow, blizzard-adjacent wind | B12: None | C12: =IFERROR(VLOOKUP(B12,Lists!$AB$2:$AC$5,2,FALSE),0) | D12: >6" | E12: =IFERROR(VLOOKUP(D12,Lists!$AE$2:$AF$5,2,FALSE),0) | F12: 0–10°F | G12: =IFERROR(VLOOKUP(F12,Lists!$AH$2:$AI$6,2,FALSE),0) | H12: >60 mph | I12: =IFERROR(VLOOKUP(H12,Lists!$M$2:$N$6,2,FALSE),0) | J12: No | K12: =IFERROR(VLOOKUP(J12,Lists!$G$2:$H$3,2,FALSE),0) | L12: =MIN(100,MAX(0,ROUND((C12*50+E12*20+G12*10+I12*5+K12*15)/100,0))) | M12: =IF(L12<25,"Green — Normal Operations",IF(L12<50,"Yellow — Elevated Caution",IF(L12<75,"Amber — High Risk","Red — Severe Risk"))) | N12: =MIN(100,MAX(0,ROUND((C12*20+E12*20+G12*30+I12*20+K12*10)/100,0))) | O12: =IF(N12<25,"Green — Normal Operations",IF(N12<50,"Yellow — Elevated Caution",IF(N12<75,"Amber — High Risk","Red — Severe Risk"))) | P12: =MIN(100,MAX(0,ROUND((C12*40+E12*20+G12*5+I12*15+K12*20)/100,0))) | Q12: =IF(P12<25,"Green — Normal Operations",IF(P12<50,"Yellow — Elevated Caution",IF(P12<75,"Amber — High Risk","Red — Severe Risk"))) | S12: =IF(R12="","",IF(R12=LEFT(M12,FIND(" ",M12)-1),"Match","Differs")) | U12: =IF(T12="","",IF(T12=LEFT(O12,FIND(" ",O12)-1),"Match","Differs")) | W12: =IF(V12="","",IF(V12=LEFT(Q12,FIND(" ",Q12)-1),"Match","Differs"))
A13: Extreme cold snap, no precip | B13: None | C13: =IFERROR(VLOOKUP(B13,Lists!$AB$2:$AC$5,2,FALSE),0) | D13: None | E13: =IFERROR(VLOOKUP(D13,Lists!$AE$2:$AF$5,2,FALSE),0) | F13: <0°F | G13: =IFERROR(VLOOKUP(F13,Lists!$AH$2:$AI$6,2,FALSE),0) | H13: 30–40 mph | I13: =IFERROR(VLOOKUP(H13,Lists!$M$2:$N$6,2,FALSE),0) | J13: No | K13: =IFERROR(VLOOKUP(J13,Lists!$G$2:$H$3,2,FALSE),0) | L13: =MIN(100,MAX(0,ROUND((C13*50+E13*20+G13*10+I13*5+K13*15)/100,0))) | M13: =IF(L13<25,"Green — Normal Operations",IF(L13<50,"Yellow — Elevated Caution",IF(L13<75,"Amber — High Risk","Red — Severe Risk"))) | N13: =MIN(100,MAX(0,ROUND((C13*20+E13*20+G13*30+I13*20+K13*10)/100,0))) | O13: =IF(N13<25,"Green — Normal Operations",IF(N13<50,"Yellow — Elevated Caution",IF(N13<75,"Amber — High Risk","Red — Severe Risk"))) | P13: =MIN(100,MAX(0,ROUND((C13*40+E13*20+G13*5+I13*15+K13*20)/100,0))) | Q13: =IF(P13<25,"Green — Normal Operations",IF(P13<50,"Yellow — Elevated Caution",IF(P13<75,"Amber — High Risk","Red — Severe Risk"))) | S13: =IF(R13="","",IF(R13=LEFT(M13,FIND(" ",M13)-1),"Match","Differs")) | U13: =IF(T13="","",IF(T13=LEFT(O13,FIND(" ",O13)-1),"Match","Differs")) | W13: =IF(V13="","",IF(V13=LEFT(Q13,FIND(" ",Q13)-1),"Match","Differs"))
A14: Freeze-thaw only, otherwise mild | B14: None | C14: =IFERROR(VLOOKUP(B14,Lists!$AB$2:$AC$5,2,FALSE),0) | D14: None | E14: =IFERROR(VLOOKUP(D14,Lists!$AE$2:$AF$5,2,FALSE),0) | F14: >32°F | G14: =IFERROR(VLOOKUP(F14,Lists!$AH$2:$AI$6,2,FALSE),0) | H14: <30 mph | I14: =IFERROR(VLOOKUP(H14,Lists!$M$2:$N$6,2,FALSE),0) | J14: Yes | K14: =IFERROR(VLOOKUP(J14,Lists!$G$2:$H$3,2,FALSE),0) | L14: =MIN(100,MAX(0,ROUND((C14*50+E14*20+G14*10+I14*5+K14*15)/100,0))) | M14: =IF(L14<25,"Green — Normal Operations",IF(L14<50,"Yellow — Elevated Caution",IF(L14<75,"Amber — High Risk","Red — Severe Risk"))) | N14: =MIN(100,MAX(0,ROUND((C14*20+E14*20+G14*30+I14*20+K14*10)/100,0))) | O14: =IF(N14<25,"Green — Normal Operations",IF(N14<50,"Yellow — Elevated Caution",IF(N14<75,"Amber — High Risk","Red — Severe Risk"))) | P14: =MIN(100,MAX(0,ROUND((C14*40+E14*20+G14*5+I14*15+K14*20)/100,0))) | Q14: =IF(P14<25,"Green — Normal Operations",IF(P14<50,"Yellow — Elevated Caution",IF(P14<75,"Amber — High Risk","Red — Severe Risk"))) | S14: =IF(R14="","",IF(R14=LEFT(M14,FIND(" ",M14)-1),"Match","Differs")) | U14: =IF(T14="","",IF(T14=LEFT(O14,FIND(" ",O14)-1),"Match","Differs")) | W14: =IF(V14="","",IF(V14=LEFT(Q14,FIND(" ",Q14)-1),"Match","Differs"))
A15: Worst case: everything maxed | B15: >0.25" | C15: =IFERROR(VLOOKUP(B15,Lists!$AB$2:$AC$5,2,FALSE),0) | D15: >6" | E15: =IFERROR(VLOOKUP(D15,Lists!$AE$2:$AF$5,2,FALSE),0) | F15: <0°F | G15: =IFERROR(VLOOKUP(F15,Lists!$AH$2:$AI$6,2,FALSE),0) | H15: >60 mph | I15: =IFERROR(VLOOKUP(H15,Lists!$M$2:$N$6,2,FALSE),0) | J15: Yes | K15: =IFERROR(VLOOKUP(J15,Lists!$G$2:$H$3,2,FALSE),0) | L15: =MIN(100,MAX(0,ROUND((C15*50+E15*20+G15*10+I15*5+K15*15)/100,0))) | M15: =IF(L15<25,"Green — Normal Operations",IF(L15<50,"Yellow — Elevated Caution",IF(L15<75,"Amber — High Risk","Red — Severe Risk"))) | N15: =MIN(100,MAX(0,ROUND((C15*20+E15*20+G15*30+I15*20+K15*10)/100,0))) | O15: =IF(N15<25,"Green — Normal Operations",IF(N15<50,"Yellow — Elevated Caution",IF(N15<75,"Amber — High Risk","Red — Severe Risk"))) | P15: =MIN(100,MAX(0,ROUND((C15*40+E15*20+G15*5+I15*15+K15*20)/100,0))) | Q15: =IF(P15<25,"Green — Normal Operations",IF(P15<50,"Yellow — Elevated Caution",IF(P15<75,"Amber — High Risk","Red — Severe Risk"))) | S15: =IF(R15="","",IF(R15=LEFT(M15,FIND(" ",M15)-1),"Match","Differs")) | U15: =IF(T15="","",IF(T15=LEFT(O15,FIND(" ",O15)-1),"Match","Differs")) | W15: =IF(V15="","",IF(V15=LEFT(Q15,FIND(" ",Q15)-1),"Match","Differs"))

Sheet Lists
A1: Rain | B1: Rain pts | D1: Hail | E1: Hail pts | G1: Yes/No | H1: Yes/No pts | J1: Sustained Wind (Severe) | K1: Sustained Wind (Severe) pts | M1: Max Wind Gust | N1: Max Wind Gust pts | P1: WBGT | Q1: WBGT pts | S1: Heat Index | T1: Heat Index pts | V1: Sustained Wind (Heat) | W1: Sustained Wind (Heat) pts | Y1: Heat Data Source | Z1: Heat Data Source pts | AB1: Ice Accumulation | AC1: Ice Accumulation pts | AE1: Snow Accumulation | AF1: Snow Accumulation pts | AH1: Wind Chill | AI1: Wind Chill pts
A2: None | B2: 0 | D2: None | E2: 0 | G2: No | H2: 0 | J2: <20 mph | K2: 0 | M2: <30 mph | N2: 0 | P2: <82.0°F | Q2: 0 | S2: <90°F | T2: 0 | V2: <20 mph | W2: 0 | Y2: WBGT | Z2: 0 | AB2: None | AC2: 0 | AE2: None | AF2: 0 | AH2: >32°F | AI2: 0
A3: 0.01–0.75" | B3: 33 | D3: <1" diameter | E3: 50 | G3: Yes | H3: 100 | J3: 20–30 mph | K3: 25 | M3: 30–40 mph | N3: 25 | P3: 82.0–86.9°F | Q3: 33 | S3: 90–100°F | T3: 33 | V3: 20–30 mph | W3: 25 | Y3: Heat Index | Z3: 0 | AB3: Trace–0.10" | AC3: 33 | AE3: 1–3" | AF3: 33 | AH3: 20–32°F | AI3: 25
A4: 0.75–1.5" | B4: 67 | D4: ≥1" diameter | E4: 100 | J4: 30–40 mph | K4: 50 | M4: 40–50 mph | N4: 50 | P4: 87.0–89.9°F | Q4: 67 | S4: 100–108°F | T4: 67 | V4: 30–40 mph | W4: 50 | AB4: 0.10–0.25" | AC4: 67 | AE4: 3–6" | AF4: 67 | AH4: 10–20°F | AI4: 50
A5: >1.5" | B5: 100 | J5: 40–50 mph | K5: 75 | M5: 50–60 mph | N5: 75 | P5: ≥90.0°F | Q5: 100 | S5: >108°F | T5: 100 | V5: >40 mph | W5: 75 | AB5: >0.25" | AC5: 100 | AE5: >6" | AF5: 100 | AH5: 0–10°F | AI5: 75
J6: >50 mph | K6: 100 | M6: >60 mph | N6: 100 | AH6: <0°F | AI6: 100
